{
  "schema_version": 1,
  "top_k": 8,
  "retained_contribution": 0.95,
  "targets": {
    "gift_box": {
      "mask_pixels": 57695,
      "contributing_gaussians": 1977,
      "retained_gaussians": 957,
      "center": [8.085037604946772, 0.671586678659277, 0.1310934230427878],
      "weighted_q05": [
        7.936089038848877, 0.6184977293014526, -0.01751401647925377
      ],
      "weighted_q95": [
        8.245327949523926, 0.767784833908081, 0.2624903917312622
      ],
      "extent": [0.30923891067504883, 0.14928710460662842, 0.280004408210516]
    },
    "microwave": {
      "mask_pixels": 65026,
      "contributing_gaussians": 2684,
      "retained_gaussians": 1326,
      "center": [13.568237291252617, -1.9170266506209142, 0.9886173372922124],
      "weighted_q05": [
        13.516824722290039, -2.104480028152466, 0.877600908279419
      ],
      "weighted_q95": [
        13.761335372924805, -1.7336618900299072, 1.104557991027832
      ],
      "extent": [0.24451065063476562, 0.3708181381225586, 0.22695708274841309]
    },
    "clothes_rack": {
      "mask_pixels": 13458,
      "contributing_gaussians": 3611,
      "retained_gaussians": 1658,
      "center": [7.147896814378127, 0.6052725040262409, 0.8250077806847825],
      "weighted_q05": [
        7.025524616241455, 0.43458306789398193, 0.04050365835428238
      ],
      "weighted_q95": [
        7.250863075256348, 0.6192961931228638, 1.6382355690002441
      ],
      "extent": [0.22533845901489258, 0.18471312522888184, 1.5977319106459618]
    }
  }
}
